{
  "Author": "Unknown",
  "Name": "Mimi Sync",
  "InternalName": "MimiSync",
  "AssemblyVersion": "10.0.0.0",
  "Description": "This plugin will synchronize your Penumbra mods and current Glamourer state with other paired clients automatically.",
  "ApplicableVersion": "any",
  "RepoUrl": "https://github.com/mimisync/MareClient/",
  "Tags": [
    "customization"
  ],
  "DalamudApiLevel": 13,
  "LoadRequiredState": 0,
  "LoadSync": false,
  "CanUnloadAsync": true,
  "LoadPriority": 0,
  "IconUrl": "https://raw.githubusercontent.com/MimiSync/MareClient/way4/MareSynchronos/images/icon.png",
  "Punchline": "Social modding for everyone!",
  "AcceptsFeedback": true
}